user_id,total_logins,first_login,last_login
user1,256,2025-09-15 00:23:56.974642,2025-09-21 22:20:56.977076
user2,231,2025-09-14 23:42:56.971675,2025-09-21 21:53:56.977701
user3,266,2025-09-14 23:41:56.972242,2025-09-21 22:20:56.974573
user4,247,2025-09-15 01:48:56.976638,2025-09-21 21:36:56.972321
